,true_model_idx,pmp1,pmp2,pmp3
0,1,0.8670588163057734,0.1329411834693466,2.248800037152868e-10
1,1,0.48983688864680125,0.5092813745957013,0.0008817367574974148
2,1,0.5289874138993278,0.4707503050358682,0.00026228106480397366
3,1,0.34818730235653306,0.6063014640841559,0.04551123355931094
4,1,0.961444125553777,0.038555874446218316,4.695883278990818e-15
5,1,0.7511132064403433,0.24888668617599166,1.0738366489385364e-07
6,1,0.7225825330985938,0.277417120188368,3.467130381714591e-07
7,1,0.8731110911623658,0.12688890869135996,1.4627422563080556e-10
8,1,0.34818730235653306,0.6063014640841559,0.04551123355931094
9,1,0.2579116201103041,0.5525380987038815,0.1895502811858144
10,1,0.7907710999914307,0.20922888218668131,1.7821887927646657e-08
11,1,0.34818730235653306,0.6063014640841559,0.04551123355931094
12,1,0.534591200361766,0.4651886654617822,0.00022013417645192447
13,1,0.8336424270345727,0.16635757110220045,1.8632269636520356e-09
14,1,0.3814240005283223,0.5978144413528939,0.02076155811878381
15,1,0.9906150248152928,0.0093849751847072,4.6941114223215714e-20
16,1,0.737044270135376,0.26295553642802133,1.934366026650965e-07
17,1,0.3814240005283223,0.5978144413528939,0.02076155811878381
18,1,0.42836815254146393,0.5659939999599175,0.0056378474986184725
19,1,0.23441678037427607,0.5231923581482139,0.24239086147751016
20,1,0.48983688864680125,0.5092813745957013,0.0008817367574974148
21,1,0.5457999190232705,0.4540452403967209,0.00015484058000855708
22,1,0.692576733854296,0.30742216866547895,1.0974802251543017e-06
23,1,0.9949215729614397,0.005078427038560264,3.5395403348089744e-22
24,1,0.43400691782381084,0.5612174250125539,0.004775657163635227
25,1,0.9863262538528398,0.013673746147160321,9.657847960614897e-19
26,1,0.5514029068507447,0.4484673272556441,0.0001297658936113896
27,1,0.34818730235653306,0.6063014640841559,0.04551123355931094
28,1,0.34818730235653306,0.6063014640841559,0.04551123355931094
29,1,0.8926854381903024,0.1073145617778483,3.184924027877313e-11
30,1,0.34818730235653306,0.6063014640841559,0.04551123355931094
31,1,0.5514029068507447,0.4484673272556441,0.0001297658936113896
32,1,0.5849310856353827,0.41502442505904746,4.448930556998857e-05
33,1,0.6822834367501952,0.3177149588297991,1.6044200058252761e-06
34,1,0.8575889969483185,0.1424110026249413,4.267402827209737e-10
35,1,0.4786833623597652,0.5200753870696193,0.0012412505706155996
36,1,0.8900396151565084,0.10996038480382012,3.967156233331424e-11
37,1,0.5401956804019077,0.4596196507749894,0.00018466882310306599
38,1,0.7322662369846056,0.26773352791358823,2.3510180596987715e-07
39,1,0.2220345320461467,0.5057742085047559,0.27219125944909744
40,1,0.6071066476878012,0.3928717786181454,2.1573694053421247e-05
41,1,0.43962361444010223,0.5563333978412726,0.004042987718625227
42,1,0.9247745715782077,0.07522542842041413,1.3779498944855131e-12
43,1,0.43400691782381084,0.5612174250125539,0.004775657163635227
44,1,0.9762759429413569,0.02372405705864302,8.497761040783445e-17
45,1,0.9784171888374908,0.021582811162509243,3.9206885700408206e-17
46,1,0.4731104502074197,0.5254179341604925,0.001471615632087774
47,1,0.6344796215007564,0.3655117490739121,8.629425331530753e-06
48,1,0.7647687135215179,0.2352312271652254,5.931325648470207e-08
49,1,0.4227008857309168,0.5706473911292684,0.0066517231398148385
50,1,0.579359779220872,0.4205869748974273,5.324588170056694e-05
51,1,0.40544637365547104,0.5836711847988204,0.010882441545708556
52,1,0.8336424270345727,0.16635757110220045,1.8632269636520356e-09
53,1,0.32530321383858357,0.6030664669965878,0.07163031916482863
54,1,0.6874470432953952,0.31255162938791503,1.3273166897370373e-06
55,1,0.5010047518287257,0.4983701355339096,0.0006251126373648081
56,1,0.8225820709188119,0.17741792560779449,3.47339375403243e-09
57,1,0.7274453693038754,0.2725543451127492,2.8558337539696597e-07
58,1,0.340866226785813,0.6061019076522937,0.053031865561893356
59,1,0.7907710999914307,0.20922888218668131,1.7821887927646657e-08
60,1,0.8225820709188119,0.17741792560779449,3.47339375403243e-09
61,1,0.6506547800186911,0.34934027120729577,4.948774013112741e-06
62,1,0.48983688864680125,0.5092813745957013,0.0008817367574974148
63,1,0.7027299606415521,0.2972692902663356,7.49092112210533e-07
64,1,0.6976714000194235,0.302327693029581,9.069509955434687e-07
65,1,0.6559972246262125,0.3439986681795684,4.10719421904417e-06
66,1,0.4731104502074197,0.5254179341604925,0.001471615632087774
67,1,0.2220345320461467,0.5057742085047559,0.27219125944909744
68,1,0.8336424270345727,0.16635757110220045,1.8632269636520356e-09
69,1,0.8300087886138982,0.1699912090916292,2.2944727457965315e-09
70,1,0.41124946299037635,0.579508788923959,0.009241748085664745
71,1,0.9827675361250753,0.017232463874924744,6.2756400290986364e-18
72,1,0.16992944826347706,0.4198351968814752,0.4102353548550477
73,1,0.41124946299037635,0.579508788923959,0.009241748085664745
74,1,0.5849310856353827,0.41502442505904746,4.448930556998857e-05
75,1,0.8187891752899953,0.18121082044018796,4.269816772787058e-09
76,1,0.7602639721366439,0.2397359555323475,7.233100857141597e-08
77,1,0.9938903790234714,0.006109620976528549,1.5328759455231426e-21
78,1,0.6290429443999339,0.37094667980248325,1.0375797582752813e-05
79,1,0.7779929888884404,0.22200697851569748,3.259586220164984e-08
80,1,0.5681933689174267,0.43173047770115935,7.615338141379002e-05
81,1,0.9777230437117833,0.02227695628821672,5.077813689659423e-17
82,1,0.3686910252471614,0.6027894815573993,0.028519493195439248
83,1,0.7823025875294789,0.21769738580150608,2.6669015038024428e-08
84,1,0.6613129105160697,0.3386836825570809,3.4069268495145812e-06
85,1,0.6976714000194235,0.302327693029581,9.069509955434687e-07
86,1,0.6770870488074499,0.3229110128615465,1.93833100361136e-06
87,1,0.9657502819302866,0.03424971806971185,1.7527236620640452e-15
88,1,0.40544637365547104,0.5836711847988204,0.010882441545708556
89,1,0.2795047926512469,0.574680020014894,0.14581518733385915
90,1,0.6015818501056611,0.39839227728428916,2.5872610049760757e-05
91,1,0.803090987464602,0.19690900284126533,9.694132648583502e-09
92,1,0.884598914921114,0.11540108501744786,6.14381047917155e-11
93,1,0.46196637159941206,0.5359682259241558,0.0020654024764321047
94,1,0.5737801162601218,0.4261561899680709,6.369377180724241e-05
95,1,0.8372228478852629,0.16277715060259235,1.5121448341971756e-09
96,1,0.5289874138993278,0.4707503050358682,0.00026228106480397366
97,1,0.29915514708379576,0.5902080520939473,0.11063680082225703
98,1,0.32530321383858357,0.6030664669965878,0.07163031916482863
99,1,0.9714311922872484,0.028568807712751002,3.911079234551403e-16
100,1,0.3552450061869639,0.6057572625325527,0.03899773128048335
101,1,0.9409474183535013,0.05905258164632753,1.7123894860593706e-13
102,1,0.6015818501056611,0.39839227728428916,2.5872610049760757e-05
103,1,0.5065945836296536,0.4928794632392432,0.0005259531311032681
104,1,0.8476448021846371,0.15235519700991276,8.054499636972075e-10
105,1,0.4452236954897081,0.5513554976589665,0.003420806851325306
106,1,0.7176786272500649,0.28232095205394697,4.2069598795840614e-07
107,1,0.692576733854296,0.30742216866547895,1.0974802251543017e-06
108,1,0.6015818501056611,0.39839227728428916,2.5872610049760757e-05
109,1,0.517785216462526,0.48184300519114565,0.0003717783463283788
110,1,0.5233851696808158,0.4763024868896161,0.00031234342956804414
111,1,0.7779929888884404,0.22200697851569748,3.259586220164984e-08
112,1,0.9323599618654655,0.06764003813398542,5.490040474283976e-13
113,1,0.39362680366390107,0.5913172034558942,0.015055992880204696
114,1,0.34818730235653306,0.6063014640841559,0.04551123355931094
115,1,0.29915514708379576,0.5902080520939473,0.11063680082225703
116,1,0.8701108894680876,0.12988911035049006,1.8142225710423668e-10
117,1,0.38758168432062,0.594730391918893,0.017687923760487195
118,1,0.7511132064403433,0.24888668617599166,1.0738366489385364e-07
119,1,0.3751343405508048,0.6005196887739028,0.024345970675292476
120,1,0.579359779220872,0.4205869748974273,5.324588170056694e-05
121,1,0.3814240005283223,0.5978144413528939,0.02076155811878381
122,1,0.2220345320461467,0.5057742085047559,0.27219125944909744
123,1,0.5065945836296536,0.4928794632392432,0.0005259531311032681
124,1,0.8300087886138982,0.1699912090916292,2.2944727457965315e-09
125,1,0.6874470432953952,0.31255162938791503,1.3273166897370373e-06
126,1,0.996530137126916,0.003469862873084062,1.7513246443597688e-23
127,1,0.6770870488074499,0.3229110128615465,1.93833100361136e-06
128,1,0.7907710999914307,0.20922888218668131,1.7821887927646657e-08
129,1,0.562600782704849,0.43730821268167536,9.100461347575781e-05
130,1,0.4842585642713945,0.5146950129320821,0.0010464227965234928
131,1,0.2220345320461467,0.5057742085047559,0.27219125944909744
132,1,0.9359107251668008,0.06408927483285419,3.451801578434094e-13
133,1,0.3169938504443193,0.6000079162791802,0.08299823327650045
134,1,0.5737801162601218,0.4261561899680709,6.369377180724241e-05
135,1,0.6126164937588386,0.3873655264126805,1.797982848078495e-05
136,1,0.5904927419015006,0.40947010414480967,3.715395368971715e-05
137,1,0.29915514708379576,0.5902080520939473,0.11063680082225703
138,1,0.8701108894680876,0.12988911035049006,1.8142225710423668e-10
139,1,0.5960434376745943,0.4039255500598309,3.101226557488219e-05
140,1,0.517785216462526,0.48184300519114565,0.0003717783463283788
141,1,0.7823025875294789,0.21769738580150608,2.6669015038024428e-08
142,1,0.1311545352342842,0.3442407527522914,0.5246047120134245
143,1,0.07620605740862291,0.22105467647812874,0.7027392661132484
144,1,0.14380693159795901,0.3699305306385242,0.4862625377635167
145,1,0.9186443456996726,0.08135565429759829,2.7291717970864994e-12
146,1,0.8607980838833447,0.1392019157717605,3.4489483946843827e-10
147,1,0.0858278219307239,0.2440544519379657,0.6701177261313104
148,1,0.8543271847704959,0.1456728147018118,5.276923830189214e-10
149,1,0.43400691782381084,0.5612174250125539,0.004775657163635227
150,1,0.6015818501056611,0.39839227728428916,2.5872610049760757e-05
151,1,0.3169938504443193,0.6000079162791802,0.08299823327650045
152,1,0.4786833623597652,0.5200753870696193,0.0012412505706155996
153,1,0.43962361444010223,0.5563333978412726,0.004042987718625227
154,1,0.4675386465693108,0.5307174990426644,0.0017438543880248754
155,1,0.6181100497030962,0.38187497337513343,1.497692177027571e-05
156,1,0.340866226785813,0.6061019076522937,0.053031865561893356
157,1,0.3686910252471614,0.6027894815573993,0.028519493195439248
158,1,0.19631190299946916,0.4657529596141218,0.3379351373864091
159,1,0.7692255166070032,0.2307744347820304,4.8610966378261945e-08
160,1,0.6613129105160697,0.3386836825570809,3.4069268495145812e-06
161,1,0.5514029068507447,0.4484673272556441,0.0001297658936113896
162,1,0.7557119165992903,0.2442879952444549,8.81562546969942e-08
163,1,0.2689534485642656,0.5644823564622392,0.166564194973495
164,1,0.2895677390335435,0.5832196817774763,0.12721257918898024
165,1,0.8607980838833447,0.1392019157717605,3.4489483946843827e-10
166,1,0.3552450061869639,0.6057572625325527,0.03899773128048335
167,1,0.42836815254146393,0.5659939999599175,0.0056378474986184725
168,1,0.5289874138993278,0.4707503050358682,0.00026228106480397366
169,1,0.99899742311984,0.0010025768801599979,1.0932622236027348e-27
170,1,0.737044270135376,0.26295553642802133,1.934366026650965e-07
171,1,0.7027299606415521,0.2972692902663356,7.49092112210533e-07
172,1,0.517785216462526,0.48184300519114565,0.0003717783463283788
173,1,0.19631190299946916,0.4657529596141218,0.3379351373864091
174,1,0.2795047926512469,0.574680020014894,0.14581518733385915
175,1,0.5010047518287257,0.4983701355339096,0.0006251126373648081
176,1,0.7823025875294789,0.21769738580150608,2.6669015038024428e-08
177,1,0.4842585642713945,0.5146950129320821,0.0010464227965234928
178,1,0.6290429443999339,0.37094667980248325,1.0375797582752813e-05
179,1,0.887344236316815,0.11265576363380037,4.9384648136372165e-11
180,1,0.46196637159941206,0.5359682259241558,0.0020654024764321047
181,1,0.38758168432062,0.594730391918893,0.017687923760487195
182,1,0.8149434305249789,0.1850565642292213,5.245799976842346e-09
183,1,0.45639159006332636,0.541163431627144,0.0024449783095294997
184,1,0.5570035706637628,0.4428877316470464,0.00010869768919084996
185,1,0.43962361444010223,0.5563333978412726,0.004042987718625227
186,1,0.3332493784703556,0.6050594465101035,0.06169117501954108
187,1,0.5570035706637628,0.4428877316470464,0.00010869768919084996
188,1,0.34818730235653306,0.6063014640841559,0.04551123355931094
189,1,0.40544637365547104,0.5836711847988204,0.010882441545708556
190,1,0.40544637365547104,0.5836711847988204,0.010882441545708556
191,1,0.517785216462526,0.48184300519114565,0.0003717783463283788
192,1,0.7907710999914307,0.20922888218668131,1.7821887927646657e-08
193,1,0.2689534485642656,0.5644823564622392,0.166564194973495
194,1,0.2895677390335435,0.5832196817774763,0.12721257918898024
195,1,0.6452868414329136,0.3547071989179487,5.959649137765713e-06
196,1,0.1311545352342842,0.3442407527522914,0.5246047120134245
197,1,0.6015818501056611,0.39839227728428916,2.5872610049760757e-05
198,1,0.340866226785813,0.6061019076522937,0.053031865561893356
199,1,0.0519644967015819,0.15998111404044235,0.7880543892579758
200,1,0.6822834367501952,0.3177149588297991,1.6044200058252761e-06
201,1,0.5401956804019077,0.4596196507749894,0.00018466882310306599
202,1,0.0858278219307239,0.2440544519379657,0.6701177261313104
203,1,0.5121881876371523,0.4873695069135074,0.00044230544934035365
204,1,0.6290429443999339,0.37094667980248325,1.0375797582752813e-05
205,1,0.20930607190706998,0.4865902359651955,0.3041036921277347
206,1,0.5904927419015006,0.40947010414480967,3.715395368971715e-05
207,1,0.9527915749844988,0.04720842501547542,2.5641495049276226e-14
208,1,0.3552450061869639,0.6057572625325527,0.03899773128048335
209,1,0.2895677390335435,0.5832196817774763,0.12721257918898024
210,1,0.8818032815160479,0.11819671840756545,7.638667177738401e-11
211,1,0.5514029068507447,0.4484673272556441,0.0001297658936113896
212,1,0.43962361444010223,0.5563333978412726,0.004042987718625227
213,1,0.42836815254146393,0.5659939999599175,0.0056378474986184725
214,1,0.3814240005283223,0.5978144413528939,0.02076155811878381
215,1,0.7417786361691368,0.258221204763767,1.5906709627323036e-07
216,1,0.1072500409871125,0.2930225814727653,0.5997273775401223
217,1,0.3332493784703556,0.6050594465101035,0.06169117501954108
218,1,0.3814240005283223,0.5978144413528939,0.02076155811878381
219,1,0.6718590390876064,0.32813862043267855,2.3404797151167445e-06
220,1,0.9207308822840786,0.07926911771374688,2.1745884910889265e-12
221,1,0.03431950820278215,0.11209902760194815,0.8535814641952696
222,1,0.0858278219307239,0.2440544519379657,0.6701177261313104
223,1,0.6770870488074499,0.3229110128615465,1.93833100361136e-06
224,1,0.4954188636948138,0.5038385349538447,0.0007426013513415167
225,1,0.9471471591613697,0.05285284083856361,6.662279521645926e-14
226,1,0.34818730235653306,0.6063014640841559,0.04551123355931094
227,1,0.6770870488074499,0.3229110128615465,1.93833100361136e-06
228,1,0.32530321383858357,0.6030664669965878,0.07163031916482863
229,1,0.9376276358882217,0.06237236411150495,2.7343383881781415e-13
230,1,0.3814240005283223,0.5978144413528939,0.02076155811878381
231,1,0.961444125553777,0.038555874446218316,4.695883278990818e-15
232,1,0.803090987464602,0.19690900284126533,9.694132648583502e-09
233,1,0.6822834367501952,0.3177149588297991,1.6044200058252761e-06
234,1,0.9409474183535013,0.05905258164632753,1.7123894860593706e-13
235,1,0.7557119165992903,0.2442879952444549,8.81562546969942e-08
236,1,0.6235859778932235,0.3764015530156582,1.2469091118209092e-05
237,1,0.6344796215007564,0.3655117490739121,8.629425331530753e-06
238,1,0.06735316297975752,0.19929783384457636,0.7333490031756662
239,1,0.5401956804019077,0.4596196507749894,0.00018466882310306599
240,1,0.5289874138993278,0.4707503050358682,0.00026228106480397366
241,1,0.2895677390335435,0.5832196817774763,0.12721257918898024
242,1,0.562600782704849,0.43730821268167536,9.100461347575781e-05
243,1,0.5010047518287257,0.4983701355339096,0.0006251126373648081
244,1,0.7417786361691368,0.258221204763767,1.5906709627323036e-07
245,1,0.5121881876371523,0.4873695069135074,0.00044230544934035365
246,1,0.23441678037427607,0.5231923581482139,0.24239086147751016
247,1,0.9456507421504288,0.05434925784948676,8.444142359454901e-14
248,1,0.884598914921114,0.11540108501744786,6.14381047917155e-11
249,1,0.09619174302859708,0.2681190036275787,0.6356892533438244
250,1,0.45639159006332636,0.541163431627144,0.0024449783095294997
251,1,0.1072500409871125,0.2930225814727653,0.5997273775401223
252,1,0.562600782704849,0.43730821268167536,9.100461347575781e-05
253,1,0.9027814676959123,0.09721853229093902,1.3148828542167763e-11
254,1,0.7779929888884404,0.22200697851569748,3.259586220164984e-08
255,1,0.9687019974967283,0.03129800250327101,8.306759950127e-16
256,1,0.9027814676959123,0.09721853229093902,1.3148828542167763e-11
257,1,0.5065945836296536,0.4928794632392432,0.0005259531311032681
258,1,0.025684378879706888,0.08725258263787028,0.8870630384824228
259,1,0.7225825330985938,0.277417120188368,3.467130381714591e-07
260,1,0.5681933689174267,0.43173047770115935,7.615338141379002e-05
261,1,0.3169938504443193,0.6000079162791802,0.08299823327650045
262,1,0.9305249547684145,0.06947504523089383,6.916935590363652e-13
263,1,0.5570035706637628,0.4428877316470464,0.00010869768919084996
264,1,0.02215120860568468,0.07673717990586032,0.9011116114884549
265,1,0.029722881041349302,0.09901118889738966,0.8712659300612611
266,1,0.8900396151565084,0.10996038480382012,3.967156233331424e-11
267,1,0.2579116201103041,0.5525380987038815,0.1895502811858144
268,1,0.48983688864680125,0.5092813745957013,0.0008817367574974148
269,1,0.8510124952098637,0.14898750413799916,6.521371101758579e-10
270,1,0.43962361444010223,0.5563333978412726,0.004042987718625227
271,1,0.7602639721366439,0.2397359555323475,7.233100857141597e-08
272,1,0.878956984753697,0.12104301515138868,9.491438348357633e-11
273,1,0.9657502819302866,0.03424971806971185,1.7527236620640452e-15
274,1,0.5737801162601218,0.4261561899680709,6.369377180724241e-05
275,1,0.5233851696808158,0.4763024868896161,0.00031234342956804414
276,1,0.8225820709188119,0.17741792560779449,3.47339375403243e-09
277,1,0.340866226785813,0.6061019076522937,0.053031865561893356
278,1,0.4452236954897081,0.5513554976589665,0.003420806851325306
279,1,0.9739514721194765,0.026048527880523323,1.8292292961120784e-16
280,1,0.9376276358882217,0.06237236411150495,2.7343383881781415e-13
281,1,0.340866226785813,0.6061019076522937,0.053031865561893356
282,1,0.5401956804019077,0.4596196507749894,0.00018466882310306599
283,1,0.9934281032252036,0.006571896774796383,2.736592620891359e-21
284,1,0.9441190356158801,0.05588096438401319,1.0695366121359881e-13
285,1,0.16992944826347706,0.4198351968814752,0.4102353548550477
286,1,0.6071066476878012,0.3928717786181454,2.1573694053421247e-05
287,1,0.9003296825300832,0.09967031745349784,1.6418947055967253e-11
288,1,0.8952821086597691,0.10471789131467732,2.555350745165166e-11
289,1,0.4227008857309168,0.5706473911292684,0.0066517231398148385
290,1,0.1072500409871125,0.2930225814727653,0.5997273775401223
291,1,0.9963929408224563,0.003607059177543694,2.3764705083466282e-23
292,1,0.6770870488074499,0.3229110128615465,1.93833100361136e-06
293,1,0.34818730235653306,0.6063014640841559,0.04551123355931094
294,1,0.7736337927524574,0.22636616743028354,3.9817259124033183e-08
295,1,0.8952821086597691,0.10471789131467732,2.555350745165166e-11
296,1,0.6015818501056611,0.39839227728428916,2.5872610049760757e-05
297,1,0.7949291561166362,0.20507082932693935,1.4556424601056503e-08
298,1,0.5849310856353827,0.41502442505904746,4.448930556998857e-05
299,1,0.5010047518287257,0.4983701355339096,0.0006251126373648081
300,1,0.3751343405508048,0.6005196887739028,0.024345970675292476
301,1,0.878956984753697,0.12104301515138868,9.491438348357633e-11
302,1,0.39957661761079777,0.5876182293541942,0.012805153035008074
303,1,0.2220345320461467,0.5057742085047559,0.27219125944909744
304,1,0.41124946299037635,0.579508788923959,0.009241748085664745
305,1,0.5570035706637628,0.4428877316470464,0.00010869768919084996
306,1,0.5570035706637628,0.4428877316470464,0.00010869768919084996
307,1,0.6976714000194235,0.302327693029581,9.069509955434687e-07
308,1,0.6452868414329136,0.3547071989179487,5.959649137765713e-06
309,1,0.737044270135376,0.26295553642802133,1.934366026650965e-07
310,1,0.9247745715782077,0.07522542842041413,1.3779498944855131e-12
311,1,0.7417786361691368,0.258221204763767,1.5906709627323036e-07
312,1,0.7027299606415521,0.2972692902663356,7.49092112210533e-07
313,1,0.7907710999914307,0.20922888218668131,1.7821887927646657e-08
314,1,0.5904927419015006,0.40947010414480967,3.715395368971715e-05
315,1,0.6874470432953952,0.31255162938791503,1.3273166897370373e-06
316,1,0.9456507421504288,0.05434925784948676,8.444142359454901e-14
317,1,0.07620605740862291,0.22105467647812874,0.7027392661132484
318,1,0.8639546230140455,0.13604537670737488,2.785796072342635e-10
319,1,0.38758168432062,0.594730391918893,0.017687923760487195
320,1,0.7990358990154897,0.2009640891020418,1.1882468416454408e-08
321,1,0.2795047926512469,0.574680020014894,0.14581518733385915
322,1,0.7127345829107647,0.28726490690366774,5.101855674374513e-07
323,1,0.4786833623597652,0.5200753870696193,0.0012412505706155996
324,1,0.803090987464602,0.19690900284126533,9.694132648583502e-09
325,1,0.32530321383858357,0.6030664669965878,0.07163031916482863
326,1,0.6613129105160697,0.3386836825570809,3.4069268495145812e-06
327,1,0.8818032815160479,0.11819671840756545,7.638667177738401e-11
328,1,0.70775136283449,0.29224801879292,6.183725900612016e-07
329,1,0.8187891752899953,0.18121082044018796,4.269816772787058e-09
330,1,0.6344796215007564,0.3655117490739121,8.629425331530753e-06
331,1,0.9323599618654655,0.06764003813398542,5.490040474283976e-13
332,1,0.32530321383858357,0.6030664669965878,0.07163031916482863
333,1,0.9579177138360746,0.04208228616391578,9.760881573198219e-15
334,1,0.6398946900070925,0.36009813675567937,7.173237228163772e-06
335,1,0.4169975808773943,0.5751593649324455,0.00784305419016019
336,1,0.6506547800186911,0.34934027120729577,4.948774013112741e-06
337,1,0.3552450061869639,0.6057572625325527,0.03899773128048335
338,1,0.9952883816530574,0.004711618346942625,1.9558954969026e-22
339,1,0.878956984753697,0.12104301515138868,9.491438348357633e-11
340,1,0.1311545352342842,0.3442407527522914,0.5246047120134245
341,1,0.5570035706637628,0.4428877316470464,0.00010869768919084996
342,1,0.4227008857309168,0.5706473911292684,0.0066517231398148385
343,1,0.23441678037427607,0.5231923581482139,0.24239086147751016
344,1,0.7949291561166362,0.20507082932693935,1.4556424601056503e-08
345,1,0.2689534485642656,0.5644823564622392,0.166564194973495
346,1,0.5233851696808158,0.4763024868896161,0.00031234342956804414
347,2,0.34818730235653306,0.6063014640841559,0.04551123355931094
348,2,0.517785216462526,0.48184300519114565,0.0003717783463283788
349,2,0.34818730235653306,0.6063014640841559,0.04551123355931094
350,2,0.14380693159795901,0.3699305306385242,0.4862625377635167
351,2,0.2689534485642656,0.5644823564622392,0.166564194973495
352,2,0.45639159006332636,0.541163431627144,0.0024449783095294997
353,2,0.4786833623597652,0.5200753870696193,0.0012412505706155996
354,2,0.19631190299946916,0.4657529596141218,0.3379351373864091
355,2,0.20930607190706998,0.4865902359651955,0.3041036921277347
356,2,0.07620605740862291,0.22105467647812874,0.7027392661132484
357,2,0.5065945836296536,0.4928794632392432,0.0005259531311032681
358,2,0.3751343405508048,0.6005196887739028,0.024345970675292476
359,2,0.340866226785813,0.6061019076522937,0.053031865561893356
360,2,0.1311545352342842,0.3442407527522914,0.5246047120134245
361,2,0.5960434376745943,0.4039255500598309,3.101226557488219e-05
362,2,0.03431950820278215,0.11209902760194815,0.8535814641952696
363,2,0.07620605740862291,0.22105467647812874,0.7027392661132484
364,2,0.38758168432062,0.594730391918893,0.017687923760487195
365,2,0.0858278219307239,0.2440544519379657,0.6701177261313104
366,2,0.43962361444010223,0.5563333978412726,0.004042987718625227
367,2,0.32530321383858357,0.6030664669965878,0.07163031916482863
368,2,0.46196637159941206,0.5359682259241558,0.0020654024764321047
369,2,0.0519644967015819,0.15998111404044235,0.7880543892579758
370,2,0.0858278219307239,0.2440544519379657,0.6701177261313104
371,2,0.7127345829107647,0.28726490690366774,5.101855674374513e-07
372,2,0.9051858622606417,0.09481413772883496,1.0523430290197607e-11
373,2,0.4452236954897081,0.5513554976589665,0.003420806851325306
374,2,0.2463904894363584,0.5387844440567517,0.21482506650688984
375,2,0.05927612160055496,0.17891287720335985,0.7618110011960851
376,2,0.3686910252471614,0.6027894815573993,0.028519493195439248
377,2,0.15677342732397273,0.39523607218330226,0.44799050049272493
378,2,0.2579116201103041,0.5525380987038815,0.1895502811858144
379,2,0.2463904894363584,0.5387844440567517,0.21482506650688984
380,2,0.2795047926512469,0.574680020014894,0.14581518733385915
381,2,0.39957661761079777,0.5876182293541942,0.012805153035008074
382,2,0.3814240005283223,0.5978144413528939,0.02076155811878381
383,2,0.05927612160055496,0.17891287720335985,0.7618110011960851
384,2,0.4227008857309168,0.5706473911292684,0.0066517231398148385
385,2,0.6344796215007564,0.3655117490739121,8.629425331530753e-06
386,2,0.4731104502074197,0.5254179341604925,0.001471615632087774
387,2,0.5681933689174267,0.43173047770115935,7.615338141379002e-05
388,2,0.6613129105160697,0.3386836825570809,3.4069268495145812e-06
389,2,0.3169938504443193,0.6000079162791802,0.08299823327650045
390,2,0.340866226785813,0.6061019076522937,0.053031865561893356
391,2,0.48983688864680125,0.5092813745957013,0.0008817367574974148
392,2,0.04539335893859767,0.14254024001879687,0.8120664010426055
393,2,0.4786833623597652,0.5200753870696193,0.0012412505706155996
394,2,0.39362680366390107,0.5913172034558942,0.015055992880204696
395,2,0.09619174302859708,0.2681190036275787,0.6356892533438244
396,2,0.15677342732397273,0.39523607218330226,0.44799050049272493
397,2,0.46196637159941206,0.5359682259241558,0.0020654024764321047
398,2,0.15677342732397273,0.39523607218330226,0.44799050049272493
399,2,0.0858278219307239,0.2440544519379657,0.6701177261313104
400,2,0.16992944826347706,0.4198351968814752,0.4102353548550477
401,2,0.4842585642713945,0.5146950129320821,0.0010464227965234928
402,2,0.2689534485642656,0.5644823564622392,0.166564194973495
403,2,0.29915514708379576,0.5902080520939473,0.11063680082225703
404,2,0.40544637365547104,0.5836711847988204,0.010882441545708556
405,2,0.5065945836296536,0.4928794632392432,0.0005259531311032681
406,2,0.06735316297975752,0.19929783384457636,0.7333490031756662
407,2,0.4731104502074197,0.5254179341604925,0.001471615632087774
408,2,0.09619174302859708,0.2681190036275787,0.6356892533438244
409,2,0.38758168432062,0.594730391918893,0.017687923760487195
410,2,0.4731104502074197,0.5254179341604925,0.001471615632087774
411,2,0.3814240005283223,0.5978144413528939,0.02076155811878381
412,2,0.1831492893538143,0.4434286493659465,0.37342206128023925
413,2,0.39362680366390107,0.5913172034558942,0.015055992880204696
414,2,0.29915514708379576,0.5902080520939473,0.11063680082225703
415,2,0.16992944826347706,0.4198351968814752,0.4102353548550477
416,2,0.3552450061869639,0.6057572625325527,0.03899773128048335
417,2,0.8731110911623658,0.12688890869135996,1.4627422563080556e-10
418,2,0.16992944826347706,0.4198351968814752,0.4102353548550477
419,2,0.2579116201103041,0.5525380987038815,0.1895502811858144
420,2,0.5121881876371523,0.4873695069135074,0.00044230544934035365
421,2,0.1072500409871125,0.2930225814727653,0.5997273775401223
422,2,0.23441678037427607,0.5231923581482139,0.24239086147751016
423,2,0.43400691782381084,0.5612174250125539,0.004775657163635227
424,2,0.3169938504443193,0.6000079162791802,0.08299823327650045
425,2,0.5010047518287257,0.4983701355339096,0.0006251126373648081
426,2,0.1831492893538143,0.4434286493659465,0.37342206128023925
427,2,0.2689534485642656,0.5644823564622392,0.166564194973495
428,2,0.32530321383858357,0.6030664669965878,0.07163031916482863
429,2,0.20930607190706998,0.4865902359651955,0.3041036921277347
430,2,0.5401956804019077,0.4596196507749894,0.00018466882310306599
431,2,0.3082881547828959,0.5957630493099755,0.09594879590712871
432,2,0.23441678037427607,0.5231923581482139,0.24239086147751016
433,2,0.3751343405508048,0.6005196887739028,0.024345970675292476
434,2,0.39957661761079777,0.5876182293541942,0.012805153035008074
435,2,0.1311545352342842,0.3442407527522914,0.5246047120134245
436,2,0.961444125553777,0.038555874446218316,4.695883278990818e-15
437,2,0.1072500409871125,0.2930225814727653,0.5997273775401223
438,2,0.6874470432953952,0.31255162938791503,1.3273166897370373e-06
439,2,0.692576733854296,0.30742216866547895,1.0974802251543017e-06
440,2,0.2463904894363584,0.5387844440567517,0.21482506650688984
441,2,0.6559972246262125,0.3439986681795684,4.10719421904417e-06
442,2,0.029722881041349302,0.09901118889738966,0.8712659300612611
443,2,0.20930607190706998,0.4865902359651955,0.3041036921277347
444,2,0.39957661761079777,0.5876182293541942,0.012805153035008074
445,2,0.4508117470623825,0.546295457609571,0.002892795328046536
446,2,0.4786833623597652,0.5200753870696193,0.0012412505706155996
447,2,0.1072500409871125,0.2930225814727653,0.5997273775401223
448,2,0.16992944826347706,0.4198351968814752,0.4102353548550477
449,2,0.5960434376745943,0.4039255500598309,3.101226557488219e-05
450,2,0.4227008857309168,0.5706473911292684,0.0066517231398148385
451,2,0.2689534485642656,0.5644823564622392,0.166564194973495
452,2,0.5121881876371523,0.4873695069135074,0.00044230544934035365
453,2,0.5065945836296536,0.4928794632392432,0.0005259531311032681
454,2,0.48983688864680125,0.5092813745957013,0.0008817367574974148
455,2,0.039526481240842314,0.12659004767647788,0.8338834710826798
456,2,0.5457999190232705,0.4540452403967209,0.00015484058000855708
457,2,0.29915514708379576,0.5902080520939473,0.11063680082225703
458,2,0.5401956804019077,0.4596196507749894,0.00018466882310306599
459,2,0.8225820709188119,0.17741792560779449,3.47339375403243e-09
460,2,0.14380693159795901,0.3699305306385242,0.4862625377635167
461,2,0.5121881876371523,0.4873695069135074,0.00044230544934035365
462,2,0.43962361444010223,0.5563333978412726,0.004042987718625227
463,2,0.4508117470623825,0.546295457609571,0.002892795328046536
464,2,0.3169938504443193,0.6000079162791802,0.08299823327650045
465,2,0.5681933689174267,0.43173047770115935,7.615338141379002e-05
466,2,0.0519644967015819,0.15998111404044235,0.7880543892579758
467,2,0.05927612160055496,0.17891287720335985,0.7618110011960851
468,2,0.70775136283449,0.29224801879292,6.183725900612016e-07
469,2,0.4508117470623825,0.546295457609571,0.002892795328046536
470,2,0.07620605740862291,0.22105467647812874,0.7027392661132484
471,2,0.3169938504443193,0.6000079162791802,0.08299823327650045
472,2,0.3332493784703556,0.6050594465101035,0.06169117501954108
473,2,0.3332493784703556,0.6050594465101035,0.06169117501954108
474,2,0.3552450061869639,0.6057572625325527,0.03899773128048335
475,2,0.2579116201103041,0.5525380987038815,0.1895502811858144
476,2,0.06735316297975752,0.19929783384457636,0.7333490031756662
477,2,0.01907163215700449,0.06737190898541194,0.9135564588575835
478,2,0.15677342732397273,0.39523607218330226,0.44799050049272493
479,2,0.1072500409871125,0.2930225814727653,0.5997273775401223
480,2,0.41124946299037635,0.579508788923959,0.009241748085664745
481,2,0.2463904894363584,0.5387844440567517,0.21482506650688984
482,2,0.3332493784703556,0.6050594465101035,0.06169117501954108
483,2,0.32530321383858357,0.6030664669965878,0.07163031916482863
484,2,0.6344796215007564,0.3655117490739121,8.629425331530753e-06
485,2,0.5904927419015006,0.40947010414480967,3.715395368971715e-05
486,2,0.06735316297975752,0.19929783384457636,0.7333490031756662
487,2,0.579359779220872,0.4205869748974273,5.324588170056694e-05
488,2,0.29915514708379576,0.5902080520939473,0.11063680082225703
489,2,0.9305249547684145,0.06947504523089383,6.916935590363652e-13
490,2,0.06735316297975752,0.19929783384457636,0.7333490031756662
491,2,0.3814240005283223,0.5978144413528939,0.02076155811878381
492,2,0.5737801162601218,0.4261561899680709,6.369377180724241e-05
493,2,0.3169938504443193,0.6000079162791802,0.08299823327650045
494,2,0.4786833623597652,0.5200753870696193,0.0012412505706155996
495,2,0.737044270135376,0.26295553642802133,1.934366026650965e-07
496,2,0.42836815254146393,0.5659939999599175,0.0056378474986184725
497,2,0.1072500409871125,0.2930225814727653,0.5997273775401223
498,2,0.6235859778932235,0.3764015530156582,1.2469091118209092e-05
499,2,0.4452236954897081,0.5513554976589665,0.003420806851325306
500,2,0.06735316297975752,0.19929783384457636,0.7333490031756662
501,2,0.0519644967015819,0.15998111404044235,0.7880543892579758
502,2,0.5233851696808158,0.4763024868896161,0.00031234342956804414
503,2,0.43400691782381084,0.5612174250125539,0.004775657163635227
504,2,0.4169975808773943,0.5751593649324455,0.00784305419016019
505,2,0.2220345320461467,0.5057742085047559,0.27219125944909744
506,2,0.6071066476878012,0.3928717786181454,2.1573694053421247e-05
507,2,0.7127345829107647,0.28726490690366774,5.101855674374513e-07
508,2,0.01639615973193395,0.05906078018009738,0.9245430600879686
509,2,0.3686910252471614,0.6027894815573993,0.028519493195439248
510,2,0.05927612160055496,0.17891287720335985,0.7618110011960851
511,2,0.5904927419015006,0.40947010414480967,3.715395368971715e-05
512,2,0.38758168432062,0.594730391918893,0.017687923760487195
513,2,0.3686910252471614,0.6027894815573993,0.028519493195439248
514,2,0.01907163215700449,0.06737190898541194,0.9135564588575835
515,2,0.039526481240842314,0.12659004767647788,0.8338834710826798
516,2,0.15677342732397273,0.39523607218330226,0.44799050049272493
517,2,0.0519644967015819,0.15998111404044235,0.7880543892579758
518,2,0.07620605740862291,0.22105467647812874,0.7027392661132484
519,2,0.340866226785813,0.6061019076522937,0.053031865561893356
520,2,0.2895677390335435,0.5832196817774763,0.12721257918898024
521,2,0.38758168432062,0.594730391918893,0.017687923760487195
522,2,0.1311545352342842,0.3442407527522914,0.5246047120134245
523,2,0.5904927419015006,0.40947010414480967,3.715395368971715e-05
524,2,0.2689534485642656,0.5644823564622392,0.166564194973495
525,2,0.2895677390335435,0.5832196817774763,0.12721257918898024
526,2,0.2579116201103041,0.5525380987038815,0.1895502811858144
527,2,0.3751343405508048,0.6005196887739028,0.024345970675292476
528,2,0.0858278219307239,0.2440544519379657,0.6701177261313104
529,2,0.48983688864680125,0.5092813745957013,0.0008817367574974148
530,2,0.1072500409871125,0.2930225814727653,0.5997273775401223
531,2,0.5233851696808158,0.4763024868896161,0.00031234342956804414
532,2,0.4227008857309168,0.5706473911292684,0.0066517231398148385
533,2,0.517785216462526,0.48184300519114565,0.0003717783463283788
534,2,0.3686910252471614,0.6027894815573993,0.028519493195439248
535,2,0.5681933689174267,0.43173047770115935,7.615338141379002e-05
536,2,0.38758168432062,0.594730391918893,0.017687923760487195
537,2,0.3332493784703556,0.6050594465101035,0.06169117501954108
538,2,0.2795047926512469,0.574680020014894,0.14581518733385915
539,2,0.6452868414329136,0.3547071989179487,5.959649137765713e-06
540,2,0.3620700359996907,0.6045595194789648,0.033370444521344536
541,2,0.0519644967015819,0.15998111404044235,0.7880543892579758
542,2,0.45639159006332636,0.541163431627144,0.0024449783095294997
543,2,0.5121881876371523,0.4873695069135074,0.00044230544934035365
544,2,0.1831492893538143,0.4434286493659465,0.37342206128023925
545,2,0.2220345320461467,0.5057742085047559,0.27219125944909744
546,2,0.0519644967015819,0.15998111404044235,0.7880543892579758
547,2,0.2689534485642656,0.5644823564622392,0.166564194973495
548,2,0.3686910252471614,0.6027894815573993,0.028519493195439248
549,2,0.14380693159795901,0.3699305306385242,0.4862625377635167
550,2,0.09619174302859708,0.2681190036275787,0.6356892533438244
551,2,0.7127345829107647,0.28726490690366774,5.101855674374513e-07
552,2,0.340866226785813,0.6061019076522937,0.053031865561893356
553,2,0.3169938504443193,0.6000079162791802,0.08299823327650045
554,2,0.5010047518287257,0.4983701355339096,0.0006251126373648081
555,2,0.2220345320461467,0.5057742085047559,0.27219125944909744
556,2,0.6290429443999339,0.37094667980248325,1.0375797582752813e-05
557,2,0.15677342732397273,0.39523607218330226,0.44799050049272493
558,2,0.40544637365547104,0.5836711847988204,0.010882441545708556
559,2,0.3169938504443193,0.6000079162791802,0.08299823327650045
560,2,0.46196637159941206,0.5359682259241558,0.0020654024764321047
561,2,0.5681933689174267,0.43173047770115935,7.615338141379002e-05
562,2,0.2795047926512469,0.574680020014894,0.14581518733385915
563,2,0.3620700359996907,0.6045595194789648,0.033370444521344536
564,2,0.5849310856353827,0.41502442505904746,4.448930556998857e-05
565,2,0.03431950820278215,0.11209902760194815,0.8535814641952696
566,2,0.5904927419015006,0.40947010414480967,3.715395368971715e-05
567,2,0.0858278219307239,0.2440544519379657,0.6701177261313104
568,2,0.29915514708379576,0.5902080520939473,0.11063680082225703
569,2,0.3552450061869639,0.6057572625325527,0.03899773128048335
570,2,0.2579116201103041,0.5525380987038815,0.1895502811858144
571,2,0.42836815254146393,0.5659939999599175,0.0056378474986184725
572,2,0.2689534485642656,0.5644823564622392,0.166564194973495
573,2,0.32530321383858357,0.6030664669965878,0.07163031916482863
574,2,0.6181100497030962,0.38187497337513343,1.497692177027571e-05
575,2,0.19631190299946916,0.4657529596141218,0.3379351373864091
576,2,0.2895677390335435,0.5832196817774763,0.12721257918898024
577,2,0.6398946900070925,0.36009813675567937,7.173237228163772e-06
578,2,0.38758168432062,0.594730391918893,0.017687923760487195
579,2,0.2895677390335435,0.5832196817774763,0.12721257918898024
580,2,0.0519644967015819,0.15998111404044235,0.7880543892579758
581,2,0.40544637365547104,0.5836711847988204,0.010882441545708556
582,2,0.6976714000194235,0.302327693029581,9.069509955434687e-07
583,2,0.3620700359996907,0.6045595194789648,0.033370444521344536
584,2,0.1072500409871125,0.2930225814727653,0.5997273775401223
585,2,0.05927612160055496,0.17891287720335985,0.7618110011960851
586,2,0.01907163215700449,0.06737190898541194,0.9135564588575835
587,2,0.4508117470623825,0.546295457609571,0.002892795328046536
588,2,0.07620605740862291,0.22105467647812874,0.7027392661132484
589,2,0.2579116201103041,0.5525380987038815,0.1895502811858144
590,2,0.32530321383858357,0.6030664669965878,0.07163031916482863
591,2,0.20930607190706998,0.4865902359651955,0.3041036921277347
592,2,0.025684378879706888,0.08725258263787028,0.8870630384824228
593,2,0.5960434376745943,0.4039255500598309,3.101226557488219e-05
594,2,0.03431950820278215,0.11209902760194815,0.8535814641952696
595,2,0.15677342732397273,0.39523607218330226,0.44799050049272493
596,2,0.43400691782381084,0.5612174250125539,0.004775657163635227
597,2,0.0519644967015819,0.15998111404044235,0.7880543892579758
598,2,0.19631190299946916,0.4657529596141218,0.3379351373864091
599,2,0.025684378879706888,0.08725258263787028,0.8870630384824228
600,2,0.23441678037427607,0.5231923581482139,0.24239086147751016
601,2,0.7127345829107647,0.28726490690366774,5.101855674374513e-07
602,2,0.3814240005283223,0.5978144413528939,0.02076155811878381
603,2,0.41124946299037635,0.579508788923959,0.009241748085664745
604,2,0.43400691782381084,0.5612174250125539,0.004775657163635227
605,2,0.5737801162601218,0.4261561899680709,6.369377180724241e-05
606,2,0.3082881547828959,0.5957630493099755,0.09594879590712871
607,2,0.34818730235653306,0.6063014640841559,0.04551123355931094
608,2,0.5737801162601218,0.4261561899680709,6.369377180724241e-05
609,2,0.5849310856353827,0.41502442505904746,4.448930556998857e-05
610,2,0.5065945836296536,0.4928794632392432,0.0005259531311032681
611,2,0.5065945836296536,0.4928794632392432,0.0005259531311032681
612,2,0.6181100497030962,0.38187497337513343,1.497692177027571e-05
613,2,0.029722881041349302,0.09901118889738966,0.8712659300612611
614,2,0.7127345829107647,0.28726490690366774,5.101855674374513e-07
615,2,0.2579116201103041,0.5525380987038815,0.1895502811858144
616,2,0.16992944826347706,0.4198351968814752,0.4102353548550477
617,2,0.07620605740862291,0.22105467647812874,0.7027392661132484
618,2,0.039526481240842314,0.12659004767647788,0.8338834710826798
619,2,0.039526481240842314,0.12659004767647788,0.8338834710826798
620,2,0.2895677390335435,0.5832196817774763,0.12721257918898024
621,2,0.40544637365547104,0.5836711847988204,0.010882441545708556
622,2,0.09619174302859708,0.2681190036275787,0.6356892533438244
623,2,0.0858278219307239,0.2440544519379657,0.6701177261313104
624,2,0.1831492893538143,0.4434286493659465,0.37342206128023925
625,2,0.32530321383858357,0.6030664669965878,0.07163031916482863
626,2,0.5960434376745943,0.4039255500598309,3.101226557488219e-05
627,2,0.5065945836296536,0.4928794632392432,0.0005259531311032681
628,2,0.8110450086800135,0.18895498487885595,6.441130522382338e-09
629,2,0.3814240005283223,0.5978144413528939,0.02076155811878381
630,2,0.9098543866895364,0.0901456133037356,6.7279087656723045e-12
631,2,0.6071066476878012,0.3928717786181454,2.1573694053421247e-05
632,2,0.1831492893538143,0.4434286493659465,0.37342206128023925
633,2,0.5514029068507447,0.4484673272556441,0.0001297658936113896
634,2,0.6559972246262125,0.3439986681795684,4.10719421904417e-06
635,2,0.4452236954897081,0.5513554976589665,0.003420806851325306
636,2,0.2220345320461467,0.5057742085047559,0.27219125944909744
637,2,0.43400691782381084,0.5612174250125539,0.004775657163635227
638,2,0.029722881041349302,0.09901118889738966,0.8712659300612611
639,2,0.4169975808773943,0.5751593649324455,0.00784305419016019
640,2,0.8639546230140455,0.13604537670737488,2.785796072342635e-10
641,2,0.20930607190706998,0.4865902359651955,0.3041036921277347
642,2,0.3620700359996907,0.6045595194789648,0.033370444521344536
643,2,0.3082881547828959,0.5957630493099755,0.09594879590712871
644,2,0.3814240005283223,0.5978144413528939,0.02076155811878381
645,2,0.43400691782381084,0.5612174250125539,0.004775657163635227
646,2,0.5289874138993278,0.4707503050358682,0.00026228106480397366
647,2,0.4675386465693108,0.5307174990426644,0.0017438543880248754
648,2,0.1311545352342842,0.3442407527522914,0.5246047120134245
649,2,0.39362680366390107,0.5913172034558942,0.015055992880204696
650,2,0.5457999190232705,0.4540452403967209,0.00015484058000855708
651,2,0.06735316297975752,0.19929783384457636,0.7333490031756662
652,2,0.2895677390335435,0.5832196817774763,0.12721257918898024
653,2,0.014078361300794408,0.05170811679440185,0.9342135219048038
654,2,0.5010047518287257,0.4983701355339096,0.0006251126373648081
655,2,0.07620605740862291,0.22105467647812874,0.7027392661132484
656,2,0.46196637159941206,0.5359682259241558,0.0020654024764321047
657,2,0.014078361300794408,0.05170811679440185,0.9342135219048038
658,2,0.11893382389615842,0.31849705285961927,0.5625691232442224
659,2,0.5289874138993278,0.4707503050358682,0.00026228106480397366
660,2,0.5233851696808158,0.4763024868896161,0.00031234342956804414
661,2,0.46196637159941206,0.5359682259241558,0.0020654024764321047
662,2,0.562600782704849,0.43730821268167536,9.100461347575781e-05
663,2,0.2220345320461467,0.5057742085047559,0.27219125944909744
664,2,0.6559972246262125,0.3439986681795684,4.10719421904417e-06
665,2,0.39362680366390107,0.5913172034558942,0.015055992880204696
666,2,0.4169975808773943,0.5751593649324455,0.00784305419016019
667,2,0.746468536395855,0.2535313328725923,1.3073155276269885e-07
668,2,0.6822834367501952,0.3177149588297991,1.6044200058252761e-06
669,2,0.11893382389615842,0.31849705285961927,0.5625691232442224
670,2,0.16992944826347706,0.4198351968814752,0.4102353548550477
671,2,0.4731104502074197,0.5254179341604925,0.001471615632087774
672,2,0.15677342732397273,0.39523607218330226,0.44799050049272493
673,2,0.2579116201103041,0.5525380987038815,0.1895502811858144
674,2,0.09619174302859708,0.2681190036275787,0.6356892533438244
675,2,0.14380693159795901,0.3699305306385242,0.4862625377635167
676,2,0.11893382389615842,0.31849705285961927,0.5625691232442224
677,2,0.3620700359996907,0.6045595194789648,0.033370444521344536
678,2,0.6344796215007564,0.3655117490739121,8.629425331530753e-06
679,2,0.19631190299946916,0.4657529596141218,0.3379351373864091
680,2,0.23441678037427607,0.5231923581482139,0.24239086147751016
681,2,0.11893382389615842,0.31849705285961927,0.5625691232442224
682,2,0.19631190299946916,0.4657529596141218,0.3379351373864091
683,2,0.4227008857309168,0.5706473911292684,0.0066517231398148385
684,3,0.0519644967015819,0.15998111404044235,0.7880543892579758
685,3,0.1831492893538143,0.4434286493659465,0.37342206128023925
686,3,0.02215120860568468,0.07673717990586032,0.9011116114884549
687,3,0.15677342732397273,0.39523607218330226,0.44799050049272493
688,3,0.02215120860568468,0.07673717990586032,0.9011116114884549
689,3,0.07620605740862291,0.22105467647812874,0.7027392661132484
690,3,0.1072500409871125,0.2930225814727653,0.5997273775401223
691,3,0.11893382389615842,0.31849705285961927,0.5625691232442224
692,3,0.0519644967015819,0.15998111404044235,0.7880543892579758
693,3,0.01907163215700449,0.06737190898541194,0.9135564588575835
694,3,0.01907163215700449,0.06737190898541194,0.9135564588575835
695,3,0.039526481240842314,0.12659004767647788,0.8338834710826798
696,3,0.01639615973193395,0.05906078018009738,0.9245430600879686
697,3,0.014078361300794408,0.05170811679440185,0.9342135219048038
698,3,0.03431950820278215,0.11209902760194815,0.8535814641952696
699,3,0.01639615973193395,0.05906078018009738,0.9245430600879686
700,3,0.029722881041349302,0.09901118889738966,0.8712659300612611
701,3,0.1831492893538143,0.4434286493659465,0.37342206128023925
702,3,0.01639615973193395,0.05906078018009738,0.9245430600879686
703,3,0.02215120860568468,0.07673717990586032,0.9011116114884549
704,3,0.014078361300794408,0.05170811679440185,0.9342135219048038
705,3,0.01907163215700449,0.06737190898541194,0.9135564588575835
706,3,0.025684378879706888,0.08725258263787028,0.8870630384824228
707,3,0.02215120860568468,0.07673717990586032,0.9011116114884549
708,3,0.11893382389615842,0.31849705285961927,0.5625691232442224
709,3,0.029722881041349302,0.09901118889738966,0.8712659300612611
710,3,0.0519644967015819,0.15998111404044235,0.7880543892579758
711,3,0.03431950820278215,0.11209902760194815,0.8535814641952696
712,3,0.2795047926512469,0.574680020014894,0.14581518733385915
713,3,0.07620605740862291,0.22105467647812874,0.7027392661132484
714,3,0.0858278219307239,0.2440544519379657,0.6701177261313104
715,3,0.04539335893859767,0.14254024001879687,0.8120664010426055
716,3,0.039526481240842314,0.12659004767647788,0.8338834710826798
717,3,0.0519644967015819,0.15998111404044235,0.7880543892579758
718,3,0.05927612160055496,0.17891287720335985,0.7618110011960851
719,3,0.02215120860568468,0.07673717990586032,0.9011116114884549
720,3,0.19631190299946916,0.4657529596141218,0.3379351373864091
721,3,0.20930607190706998,0.4865902359651955,0.3041036921277347
722,3,0.03431950820278215,0.11209902760194815,0.8535814641952696
723,3,0.0858278219307239,0.2440544519379657,0.6701177261313104
724,3,0.039526481240842314,0.12659004767647788,0.8338834710826798
725,3,0.039526481240842314,0.12659004767647788,0.8338834710826798
726,3,0.04539335893859767,0.14254024001879687,0.8120664010426055
727,3,0.0519644967015819,0.15998111404044235,0.7880543892579758
728,3,0.029722881041349302,0.09901118889738966,0.8712659300612611
729,3,0.03431950820278215,0.11209902760194815,0.8535814641952696
730,3,0.014078361300794408,0.05170811679440185,0.9342135219048038
731,3,0.1072500409871125,0.2930225814727653,0.5997273775401223
732,3,0.2795047926512469,0.574680020014894,0.14581518733385915
733,3,0.06735316297975752,0.19929783384457636,0.7333490031756662
734,3,0.0519644967015819,0.15998111404044235,0.7880543892579758
735,3,0.06735316297975752,0.19929783384457636,0.7333490031756662
736,3,0.16992944826347706,0.4198351968814752,0.4102353548550477
737,3,0.01639615973193395,0.05906078018009738,0.9245430600879686
738,3,0.01639615973193395,0.05906078018009738,0.9245430600879686
739,3,0.14380693159795901,0.3699305306385242,0.4862625377635167
740,3,0.2220345320461467,0.5057742085047559,0.27219125944909744
741,3,0.03431950820278215,0.11209902760194815,0.8535814641952696
742,3,0.039526481240842314,0.12659004767647788,0.8338834710826798
743,3,0.039526481240842314,0.12659004767647788,0.8338834710826798
744,3,0.04539335893859767,0.14254024001879687,0.8120664010426055
745,3,0.06735316297975752,0.19929783384457636,0.7333490031756662
746,3,0.05927612160055496,0.17891287720335985,0.7618110011960851
747,3,0.01639615973193395,0.05906078018009738,0.9245430600879686
748,3,0.01907163215700449,0.06737190898541194,0.9135564588575835
749,3,0.11893382389615842,0.31849705285961927,0.5625691232442224
750,3,0.29915514708379576,0.5902080520939473,0.11063680082225703
751,3,0.0858278219307239,0.2440544519379657,0.6701177261313104
752,3,0.029722881041349302,0.09901118889738966,0.8712659300612611
753,3,0.0858278219307239,0.2440544519379657,0.6701177261313104
754,3,0.01907163215700449,0.06737190898541194,0.9135564588575835
755,3,0.03431950820278215,0.11209902760194815,0.8535814641952696
756,3,0.07620605740862291,0.22105467647812874,0.7027392661132484
757,3,0.23441678037427607,0.5231923581482139,0.24239086147751016
758,3,0.06735316297975752,0.19929783384457636,0.7333490031756662
759,3,0.11893382389615842,0.31849705285961927,0.5625691232442224
760,3,0.07620605740862291,0.22105467647812874,0.7027392661132484
761,3,0.05927612160055496,0.17891287720335985,0.7618110011960851
762,3,0.03431950820278215,0.11209902760194815,0.8535814641952696
763,3,0.2220345320461467,0.5057742085047559,0.27219125944909744
764,3,0.07620605740862291,0.22105467647812874,0.7027392661132484
765,3,0.025684378879706888,0.08725258263787028,0.8870630384824228
766,3,0.029722881041349302,0.09901118889738966,0.8712659300612611
767,3,0.02215120860568468,0.07673717990586032,0.9011116114884549
768,3,0.014078361300794408,0.05170811679440185,0.9342135219048038
769,3,0.03431950820278215,0.11209902760194815,0.8535814641952696
770,3,0.025684378879706888,0.08725258263787028,0.8870630384824228
771,3,0.039526481240842314,0.12659004767647788,0.8338834710826798
772,3,0.01907163215700449,0.06737190898541194,0.9135564588575835
773,3,0.2220345320461467,0.5057742085047559,0.27219125944909744
774,3,0.029722881041349302,0.09901118889738966,0.8712659300612611
775,3,0.1311545352342842,0.3442407527522914,0.5246047120134245
776,3,0.14380693159795901,0.3699305306385242,0.4862625377635167
777,3,0.039526481240842314,0.12659004767647788,0.8338834710826798
778,3,0.03431950820278215,0.11209902760194815,0.8535814641952696
779,3,0.1311545352342842,0.3442407527522914,0.5246047120134245
780,3,0.039526481240842314,0.12659004767647788,0.8338834710826798
781,3,0.19631190299946916,0.4657529596141218,0.3379351373864091
782,3,0.2220345320461467,0.5057742085047559,0.27219125944909744
783,3,0.23441678037427607,0.5231923581482139,0.24239086147751016
784,3,0.03431950820278215,0.11209902760194815,0.8535814641952696
785,3,0.039526481240842314,0.12659004767647788,0.8338834710826798
786,3,0.014078361300794408,0.05170811679440185,0.9342135219048038
787,3,0.0858278219307239,0.2440544519379657,0.6701177261313104
788,3,0.09619174302859708,0.2681190036275787,0.6356892533438244
789,3,0.01907163215700449,0.06737190898541194,0.9135564588575835
790,3,0.029722881041349302,0.09901118889738966,0.8712659300612611
791,3,0.014078361300794408,0.05170811679440185,0.9342135219048038
792,3,0.06735316297975752,0.19929783384457636,0.7333490031756662
793,3,0.05927612160055496,0.17891287720335985,0.7618110011960851
794,3,0.025684378879706888,0.08725258263787028,0.8870630384824228
795,3,0.03431950820278215,0.11209902760194815,0.8535814641952696
796,3,0.07620605740862291,0.22105467647812874,0.7027392661132484
797,3,0.039526481240842314,0.12659004767647788,0.8338834710826798
798,3,0.14380693159795901,0.3699305306385242,0.4862625377635167
799,3,0.029722881041349302,0.09901118889738966,0.8712659300612611
800,3,0.2463904894363584,0.5387844440567517,0.21482506650688984
801,3,0.01639615973193395,0.05906078018009738,0.9245430600879686
802,3,0.02215120860568468,0.07673717990586032,0.9011116114884549
803,3,0.06735316297975752,0.19929783384457636,0.7333490031756662
804,3,0.05927612160055496,0.17891287720335985,0.7618110011960851
805,3,0.03431950820278215,0.11209902760194815,0.8535814641952696
806,3,0.03431950820278215,0.11209902760194815,0.8535814641952696
807,3,0.029722881041349302,0.09901118889738966,0.8712659300612611
808,3,0.014078361300794408,0.05170811679440185,0.9342135219048038
809,3,0.039526481240842314,0.12659004767647788,0.8338834710826798
810,3,0.1072500409871125,0.2930225814727653,0.5997273775401223
811,3,0.03431950820278215,0.11209902760194815,0.8535814641952696
812,3,0.03431950820278215,0.11209902760194815,0.8535814641952696
813,3,0.029722881041349302,0.09901118889738966,0.8712659300612611
814,3,0.04539335893859767,0.14254024001879687,0.8120664010426055
815,3,0.025684378879706888,0.08725258263787028,0.8870630384824228
816,3,0.029722881041349302,0.09901118889738966,0.8712659300612611
817,3,0.02215120860568468,0.07673717990586032,0.9011116114884549
818,3,0.15677342732397273,0.39523607218330226,0.44799050049272493
819,3,0.02215120860568468,0.07673717990586032,0.9011116114884549
820,3,0.025684378879706888,0.08725258263787028,0.8870630384824228
821,3,0.23441678037427607,0.5231923581482139,0.24239086147751016
822,3,0.01639615973193395,0.05906078018009738,0.9245430600879686
823,3,0.02215120860568468,0.07673717990586032,0.9011116114884549
824,3,0.039526481240842314,0.12659004767647788,0.8338834710826798
825,3,0.2220345320461467,0.5057742085047559,0.27219125944909744
826,3,0.11893382389615842,0.31849705285961927,0.5625691232442224
827,3,0.02215120860568468,0.07673717990586032,0.9011116114884549
828,3,0.11893382389615842,0.31849705285961927,0.5625691232442224
829,3,0.03431950820278215,0.11209902760194815,0.8535814641952696
830,3,0.01907163215700449,0.06737190898541194,0.9135564588575835
831,3,0.04539335893859767,0.14254024001879687,0.8120664010426055
832,3,0.025684378879706888,0.08725258263787028,0.8870630384824228
833,3,0.039526481240842314,0.12659004767647788,0.8338834710826798
834,3,0.40544637365547104,0.5836711847988204,0.010882441545708556
835,3,0.01639615973193395,0.05906078018009738,0.9245430600879686
836,3,0.2463904894363584,0.5387844440567517,0.21482506650688984
837,3,0.025684378879706888,0.08725258263787028,0.8870630384824228
838,3,0.2463904894363584,0.5387844440567517,0.21482506650688984
839,3,0.03431950820278215,0.11209902760194815,0.8535814641952696
840,3,0.0519644967015819,0.15998111404044235,0.7880543892579758
841,3,0.04539335893859767,0.14254024001879687,0.8120664010426055
842,3,0.04539335893859767,0.14254024001879687,0.8120664010426055
843,3,0.029722881041349302,0.09901118889738966,0.8712659300612611
844,3,0.029722881041349302,0.09901118889738966,0.8712659300612611
845,3,0.03431950820278215,0.11209902760194815,0.8535814641952696
846,3,0.0858278219307239,0.2440544519379657,0.6701177261313104
847,3,0.09619174302859708,0.2681190036275787,0.6356892533438244
848,3,0.039526481240842314,0.12659004767647788,0.8338834710826798
849,3,0.02215120860568468,0.07673717990586032,0.9011116114884549
850,3,0.039526481240842314,0.12659004767647788,0.8338834710826798
851,3,0.07620605740862291,0.22105467647812874,0.7027392661132484
852,3,0.0519644967015819,0.15998111404044235,0.7880543892579758
853,3,0.1072500409871125,0.2930225814727653,0.5997273775401223
854,3,0.025684378879706888,0.08725258263787028,0.8870630384824228
855,3,0.0858278219307239,0.2440544519379657,0.6701177261313104
856,3,0.039526481240842314,0.12659004767647788,0.8338834710826798
857,3,0.1311545352342842,0.3442407527522914,0.5246047120134245
858,3,0.2463904894363584,0.5387844440567517,0.21482506650688984
859,3,0.0519644967015819,0.15998111404044235,0.7880543892579758
860,3,0.0858278219307239,0.2440544519379657,0.6701177261313104
861,3,0.02215120860568468,0.07673717990586032,0.9011116114884549
862,3,0.23441678037427607,0.5231923581482139,0.24239086147751016
863,3,0.11893382389615842,0.31849705285961927,0.5625691232442224
864,3,0.039526481240842314,0.12659004767647788,0.8338834710826798
865,3,0.05927612160055496,0.17891287720335985,0.7618110011960851
866,3,0.07620605740862291,0.22105467647812874,0.7027392661132484
867,3,0.19631190299946916,0.4657529596141218,0.3379351373864091
868,3,0.03431950820278215,0.11209902760194815,0.8535814641952696
869,3,0.029722881041349302,0.09901118889738966,0.8712659300612611
870,3,0.11893382389615842,0.31849705285961927,0.5625691232442224
871,3,0.11893382389615842,0.31849705285961927,0.5625691232442224
872,3,0.29915514708379576,0.5902080520939473,0.11063680082225703
873,3,0.05927612160055496,0.17891287720335985,0.7618110011960851
874,3,0.20930607190706998,0.4865902359651955,0.3041036921277347
875,3,0.1072500409871125,0.2930225814727653,0.5997273775401223
876,3,0.0519644967015819,0.15998111404044235,0.7880543892579758
877,3,0.039526481240842314,0.12659004767647788,0.8338834710826798
878,3,0.01907163215700449,0.06737190898541194,0.9135564588575835
879,3,0.05927612160055496,0.17891287720335985,0.7618110011960851
880,3,0.07620605740862291,0.22105467647812874,0.7027392661132484
881,3,0.039526481240842314,0.12659004767647788,0.8338834710826798
882,3,0.01907163215700449,0.06737190898541194,0.9135564588575835
883,3,0.0519644967015819,0.15998111404044235,0.7880543892579758
884,3,0.14380693159795901,0.3699305306385242,0.4862625377635167
885,3,0.025684378879706888,0.08725258263787028,0.8870630384824228
886,3,0.03431950820278215,0.11209902760194815,0.8535814641952696
887,3,0.04539335893859767,0.14254024001879687,0.8120664010426055
888,3,0.039526481240842314,0.12659004767647788,0.8338834710826798
889,3,0.2220345320461467,0.5057742085047559,0.27219125944909744
890,3,0.05927612160055496,0.17891287720335985,0.7618110011960851
891,3,0.05927612160055496,0.17891287720335985,0.7618110011960851
892,3,0.029722881041349302,0.09901118889738966,0.8712659300612611
893,3,0.01639615973193395,0.05906078018009738,0.9245430600879686
894,3,0.01907163215700449,0.06737190898541194,0.9135564588575835
895,3,0.029722881041349302,0.09901118889738966,0.8712659300612611
896,3,0.1311545352342842,0.3442407527522914,0.5246047120134245
897,3,0.1831492893538143,0.4434286493659465,0.37342206128023925
898,3,0.029722881041349302,0.09901118889738966,0.8712659300612611
899,3,0.01639615973193395,0.05906078018009738,0.9245430600879686
900,3,0.01907163215700449,0.06737190898541194,0.9135564588575835
901,3,0.07620605740862291,0.22105467647812874,0.7027392661132484
902,3,0.2220345320461467,0.5057742085047559,0.27219125944909744
903,3,0.07620605740862291,0.22105467647812874,0.7027392661132484
904,3,0.029722881041349302,0.09901118889738966,0.8712659300612611
905,3,0.039526481240842314,0.12659004767647788,0.8338834710826798
906,3,0.04539335893859767,0.14254024001879687,0.8120664010426055
907,3,0.0858278219307239,0.2440544519379657,0.6701177261313104
908,3,0.07620605740862291,0.22105467647812874,0.7027392661132484
909,3,0.07620605740862291,0.22105467647812874,0.7027392661132484
910,3,0.01639615973193395,0.05906078018009738,0.9245430600879686
911,3,0.06735316297975752,0.19929783384457636,0.7333490031756662
912,3,0.025684378879706888,0.08725258263787028,0.8870630384824228
913,3,0.01639615973193395,0.05906078018009738,0.9245430600879686
914,3,0.014078361300794408,0.05170811679440185,0.9342135219048038
915,3,0.03431950820278215,0.11209902760194815,0.8535814641952696
916,3,0.04539335893859767,0.14254024001879687,0.8120664010426055
917,3,0.05927612160055496,0.17891287720335985,0.7618110011960851
918,3,0.1311545352342842,0.3442407527522914,0.5246047120134245
919,3,0.09619174302859708,0.2681190036275787,0.6356892533438244
920,3,0.02215120860568468,0.07673717990586032,0.9011116114884549
921,3,0.01907163215700449,0.06737190898541194,0.9135564588575835
922,3,0.1311545352342842,0.3442407527522914,0.5246047120134245
923,3,0.05927612160055496,0.17891287720335985,0.7618110011960851
924,3,0.04539335893859767,0.14254024001879687,0.8120664010426055
925,3,0.0519644967015819,0.15998111404044235,0.7880543892579758
926,3,0.039526481240842314,0.12659004767647788,0.8338834710826798
927,3,0.02215120860568468,0.07673717990586032,0.9011116114884549
928,3,0.0519644967015819,0.15998111404044235,0.7880543892579758
929,3,0.03431950820278215,0.11209902760194815,0.8535814641952696
930,3,0.0519644967015819,0.15998111404044235,0.7880543892579758
931,3,0.20930607190706998,0.4865902359651955,0.3041036921277347
932,3,0.06735316297975752,0.19929783384457636,0.7333490031756662
933,3,0.02215120860568468,0.07673717990586032,0.9011116114884549
934,3,0.039526481240842314,0.12659004767647788,0.8338834710826798
935,3,0.03431950820278215,0.11209902760194815,0.8535814641952696
936,3,0.02215120860568468,0.07673717990586032,0.9011116114884549
937,3,0.1831492893538143,0.4434286493659465,0.37342206128023925
938,3,0.05927612160055496,0.17891287720335985,0.7618110011960851
939,3,0.029722881041349302,0.09901118889738966,0.8712659300612611
940,3,0.029722881041349302,0.09901118889738966,0.8712659300612611
941,3,0.01907163215700449,0.06737190898541194,0.9135564588575835
942,3,0.0519644967015819,0.15998111404044235,0.7880543892579758
943,3,0.01907163215700449,0.06737190898541194,0.9135564588575835
944,3,0.029722881041349302,0.09901118889738966,0.8712659300612611
945,3,0.02215120860568468,0.07673717990586032,0.9011116114884549
946,3,0.0519644967015819,0.15998111404044235,0.7880543892579758
947,3,0.03431950820278215,0.11209902760194815,0.8535814641952696
948,3,0.025684378879706888,0.08725258263787028,0.8870630384824228
949,3,0.039526481240842314,0.12659004767647788,0.8338834710826798
950,3,0.029722881041349302,0.09901118889738966,0.8712659300612611
951,3,0.02215120860568468,0.07673717990586032,0.9011116114884549
952,3,0.025684378879706888,0.08725258263787028,0.8870630384824228
953,3,0.0858278219307239,0.2440544519379657,0.6701177261313104
954,3,0.039526481240842314,0.12659004767647788,0.8338834710826798
955,3,0.05927612160055496,0.17891287720335985,0.7618110011960851
956,3,0.01639615973193395,0.05906078018009738,0.9245430600879686
957,3,0.0519644967015819,0.15998111404044235,0.7880543892579758
958,3,0.06735316297975752,0.19929783384457636,0.7333490031756662
959,3,0.23441678037427607,0.5231923581482139,0.24239086147751016
960,3,0.01907163215700449,0.06737190898541194,0.9135564588575835
961,3,0.06735316297975752,0.19929783384457636,0.7333490031756662
962,3,0.04539335893859767,0.14254024001879687,0.8120664010426055
963,3,0.025684378879706888,0.08725258263787028,0.8870630384824228
964,3,0.2895677390335435,0.5832196817774763,0.12721257918898024
965,3,0.01639615973193395,0.05906078018009738,0.9245430600879686
966,3,0.02215120860568468,0.07673717990586032,0.9011116114884549
967,3,0.04539335893859767,0.14254024001879687,0.8120664010426055
968,3,0.06735316297975752,0.19929783384457636,0.7333490031756662
969,3,0.06735316297975752,0.19929783384457636,0.7333490031756662
970,3,0.0519644967015819,0.15998111404044235,0.7880543892579758
971,3,0.09619174302859708,0.2681190036275787,0.6356892533438244
972,3,0.02215120860568468,0.07673717990586032,0.9011116114884549
973,3,0.04539335893859767,0.14254024001879687,0.8120664010426055
974,3,0.01907163215700449,0.06737190898541194,0.9135564588575835
975,3,0.039526481240842314,0.12659004767647788,0.8338834710826798
976,3,0.3332493784703556,0.6050594465101035,0.06169117501954108
977,3,0.025684378879706888,0.08725258263787028,0.8870630384824228
978,3,0.03431950820278215,0.11209902760194815,0.8535814641952696
979,3,0.039526481240842314,0.12659004767647788,0.8338834710826798
980,3,0.06735316297975752,0.19929783384457636,0.7333490031756662
981,3,0.19631190299946916,0.4657529596141218,0.3379351373864091
982,3,0.029722881041349302,0.09901118889738966,0.8712659300612611
983,3,0.025684378879706888,0.08725258263787028,0.8870630384824228
984,3,0.029722881041349302,0.09901118889738966,0.8712659300612611
985,3,0.07620605740862291,0.22105467647812874,0.7027392661132484
986,3,0.02215120860568468,0.07673717990586032,0.9011116114884549
987,3,0.09619174302859708,0.2681190036275787,0.6356892533438244
988,3,0.07620605740862291,0.22105467647812874,0.7027392661132484
989,3,0.23441678037427607,0.5231923581482139,0.24239086147751016
990,3,0.05927612160055496,0.17891287720335985,0.7618110011960851
991,3,0.0858278219307239,0.2440544519379657,0.6701177261313104
992,3,0.01639615973193395,0.05906078018009738,0.9245430600879686
993,3,0.025684378879706888,0.08725258263787028,0.8870630384824228
994,3,0.01907163215700449,0.06737190898541194,0.9135564588575835
995,3,0.06735316297975752,0.19929783384457636,0.7333490031756662
996,3,0.02215120860568468,0.07673717990586032,0.9011116114884549
997,3,0.0519644967015819,0.15998111404044235,0.7880543892579758
998,3,0.025684378879706888,0.08725258263787028,0.8870630384824228
999,3,0.2689534485642656,0.5644823564622392,0.166564194973495
